{
  "AR:01:2S:4E": [
    34.54839974660622,
    -90.63484139589372
  ],
  "AR:02:11N:12W": null,
  "AR:02:2S:4E": [
    34.54933972915094,
    -90.65111970454467
  ],
  "AR:03:07S:09W": [
    34.14795953109548,
    -91.99907143321954
  ],
  "AR:03:2S:4E": [
    34.55024011016355,
    -90.67252545368584
  ],
  "AR:04:11N:12W": [
    35.61795413839257,
    -92.26976631642545
  ],
  "AR:06:05N:13W": [
    35.101244419399706,
    -92.42536736834133
  ],
  "AR:07:05N:13W": [
    35.083460474158656,
    -92.4280455077877
  ],
  "AR:07:2S:5E": null,
  "AR:08:11N:12W": [
    35.60372540756092,
    -92.2876059191229
  ],
  "AR:08:2S:5E": [
    34.53431449266166,
    -90.60227774591246
  ],
  "AR:09:11N:12W": [
    35.6033904833806,
    -92.26991886579056
  ],
  "AR:11:2S:4E": [
    34.52201093612493,
    -90.67389296602543
  ],
  "AR:12:2S:4E": [
    34.53189652586305,
    -90.63551104259679
  ],
  "AR:16:11N:12W": [
    35.58878778910651,
    -92.27009951599018
  ],
  "AR:17:11N:12W": null,
  "AR:18:11N:12W": [
    35.589620524617374,
    -92.3064983629333
  ],
  "AR:22:2S:5E": [
    34.532208537407094,
    -90.60963362323722
  ],
  "AR:23:2S:5E": [
    34.532208537407094,
    -90.60963362323722
  ],
  "AR:27:12N:12W": null,
  "AR:29:17S:15W": [
    33.21488076665535,
    -92.67218412966042
  ],
  "AR:32:12N:12W": [
    35.632967652164076,
    -92.28822445732958
  ],
  "AR:330:17S:15W": [
    33.23560737534803,
    -92.64887611825729
  ],
  "AR:33:12N:12W": [
    35.632544814579944,
    -92.26862743130701
  ],
  "AR:36:1S:4E": [
    34.560092265281725,
    -90.63622671786582
  ],
  "AR:7:2S:5E": [
    34.53385413197187,
    -90.6187308516046
  ]
}